GeneId,Prediction
1,0.5337590575
2,0.6522061825
3,0.9534754753
4,0.0928910896
5,0.0619493499
6,0.8832569718
7,0.0593496449
8,0.0561682694
9,0.9457629323
10,0.0639157295
11,0.8666895032
12,0.8230512142
13,0.0343982056
14,0.8140420318
15,0.8432161808
16,0.917480886
17,0.7709392309
18,0.8886709213
19,0.8555610776
20,0.3893659115
21,0.8464847803
22,0.2631456852
23,0.8680838346
24,0.0581013933
25,0.1148980185
26,0.9569343925
27,0.0490161479
28,0.3065029681
29,0.1305037439
30,0.9540601969
31,0.9250215888
32,0.045856677
33,0.0396125093
34,0.9599094987
35,0.7889669538
36,0.2689191699
37,0.0970769748
38,0.0695390701
39,0.4774252176
40,0.0403020382
41,0.9656022787
42,0.2620689273
43,0.9182728529
44,0.930688858
45,0.9476602674
46,0.9554793239
47,0.8380483389
48,0.8879141808
49,0.9679864645
50,0.1647069901
51,0.9552158713
52,0.3585652113
53,0.8528788686
54,0.937928915
55,0.9521442056
56,0.9575809836
57,0.0448051095
58,0.7659791708
59,0.9261920452
60,0.8515592813
61,0.65607512
62,0.0472260639
63,0.828828454
64,0.8695175052
65,0.0873986781
66,0.2407267839
67,0.8378266096
68,0.1248950437
69,0.9518133402
70,0.872699976
71,0.0524038672
72,0.2198185325
73,0.0805211663
74,0.905572772
75,0.1142833009
76,0.071493268
77,0.1348034292
78,0.8929855227
79,0.7010184526
80,0.9235752821
81,0.9508213401
82,0.0498034954
83,0.8874389529
84,0.9565536976
85,0.9642035961
86,0.9371700883
87,0.9168456197
88,0.0453606546
89,0.910202384
90,0.0463711843
91,0.9298818707
92,0.1198301762
93,0.0659939423
94,0.6666375399
95,0.8916220665
96,0.9374145269
97,0.2370724827
98,0.9191175699
99,0.2406770438
100,0.5697548389
101,0.8932832479
102,0.9200231433
103,0.9130542278
104,0.8599455953
105,0.1505513042
106,0.9455820918
107,0.9227949381
108,0.9226702452
109,0.9180439115
110,0.7417941093
111,0.0447804444
112,0.903149128
113,0.9516897798
114,0.8093157411
115,0.9175641537
116,0.1201169193
117,0.8603426218
118,0.900963366
119,0.0440859385
120,0.7592442036
121,0.0486802272
122,0.9102607965
123,0.0649600253
124,0.9590604305
125,0.4007128775
126,0.9412450194
127,0.8301821351
128,0.033735536
129,0.8920649886
130,0.9317543507
131,0.0364334546
132,0.3510019183
133,0.9509441853
134,0.0775825009
135,0.0357484072
136,0.364695847
137,0.9381216764
138,0.8726418614
139,0.2540935278
140,0.0870499387
141,0.8661619425
142,0.9436959624
143,0.2408132106
144,0.2450501174
145,0.8870882392
146,0.7975946665
147,0.840700388
148,0.8820207119
149,0.9043064713
150,0.7814661264
151,0.9383279681
152,0.0550129712
153,0.7278302312
154,0.8436244726
155,0.1198164299
156,0.9299879074
157,0.9374117255
158,0.9364004731
159,0.9576538205
160,0.9580925703
161,0.2607659101
162,0.965393126
163,0.943092227
164,0.0581513345
165,0.8956159949
166,0.0407932177
167,0.9612215161
168,0.7879861593
169,0.1044654623
170,0.932307899
171,0.0433314145
172,0.0683627278
173,0.2508910894
174,0.9216490984
175,0.8560599089
176,0.9353910685
177,0.9310993552
178,0.7325550914
179,0.2060512751
180,0.0390886404
181,0.2533123493
182,0.0424738601
183,0.9009521008
184,0.8653727174
185,0.8087109923
186,0.9172858
187,0.8698292971
188,0.938203752
189,0.9230160713
190,0.9519315362
191,0.3879888058
192,0.9199579358
193,0.2555864453
194,0.0831824914
195,0.8986733556
196,0.7799793482
197,0.3433034718
198,0.8740804195
199,0.3317002356
200,0.9474059939
201,0.7653995156
202,0.0409509428
203,0.0572731942
204,0.0772138461
205,0.0893187597
206,0.8791067004
207,0.9155124426
208,0.9722341299
209,0.2457091808
210,0.9293752313
211,0.0892404392
212,0.0511289835
213,0.9680378437
214,0.9570683241
215,0.9182978868
216,0.061697226
217,0.179984808
218,0.3581246734
219,0.2075301409
220,0.1218018755
221,0.888007164
222,0.9173727632
223,0.8710640669
224,0.6347796321
225,0.0635878593
226,0.9173717499
227,0.8102387786
228,0.0438835844
229,0.033419963
230,0.0632742569
231,0.8702388406
232,0.0489427857
233,0.9301219583
234,0.0390931368
235,0.8512021899
236,0.1955526769
237,0.0629573837
238,0.8598775268
239,0.8451517224
240,0.0674536228
241,0.0647392794
242,0.9212025404
243,0.8615627885
244,0.8835223913
245,0.8511422873
246,0.9031033516
247,0.9014382362
248,0.9635236263
249,0.7056174278
250,0.942977488
251,0.8958064318
252,0.0548329204
253,0.0925611407
254,0.0765983984
255,0.9194143415
256,0.0552700274
257,0.9337415099
258,0.2011113912
259,0.7925425768
260,0.9647084475
261,0.0996626318
262,0.9017124772
263,0.8929383159
264,0.9073907137
265,0.3213434517
266,0.9551599622
267,0.7617852092
268,0.0633808076
269,0.9015902877
270,0.0613485798
271,0.8163242936
272,0.050993152
273,0.885648787
274,0.8884366751
275,0.0513055734
276,0.9465306997
277,0.2118070573
278,0.962164402
279,0.9123314619
280,0.0372956097
281,0.8826444745
282,0.2782877386
283,0.0700158849
284,0.2127762884
285,0.9559673071
286,0.9389263391
287,0.7470642924
288,0.0518333726
289,0.0578424223
290,0.043468006
291,0.038932547
292,0.9317970276
293,0.0479353331
294,0.0473935194
295,0.0735982507
296,0.9059923887
297,0.8752388954
298,0.7012351751
299,0.9576319456
300,0.9025992751
301,0.0652583763
302,0.9405748248
303,0.8969590068
304,0.3792876899
305,0.2537547648
306,0.0688826516
307,0.9367909431
308,0.9195256233
309,0.6311067939
310,0.0986709297
311,0.9594731331
312,0.9210216403
313,0.9288188815
314,0.0629832149
315,0.1014942154
316,0.8349589705
317,0.9161270857
318,0.8923928738
319,0.8105162382
320,0.0570314303
321,0.8929544091
322,0.8933423758
323,0.4152545333
324,0.7388324142
325,0.8021525145
326,0.9571422935
327,0.0921275765
328,0.9099974632
329,0.9087702036
330,0.9110386372
331,0.9374841452
332,0.9284639359
333,0.0690858439
334,0.0546538979
335,0.086284183
336,0.9541832805
337,0.9174403548
338,0.9569427371
339,0.5473569632
340,0.6869205832
341,0.9439055324
342,0.2947737575
343,0.1338496655
344,0.167887345
345,0.9616472721
346,0.9108062983
347,0.9113615155
348,0.0370118357
349,0.0735709816
350,0.8927188516
351,0.0514376573
352,0.7370930314
353,0.7655195594
354,0.9390679598
355,0.6577783227
356,0.0657159761
357,0.6736282706
358,0.9217579365
359,0.9098781347
360,0.9467525482
361,0.3858775198
362,0.9172532558
363,0.0348057933
364,0.3644126654
365,0.0751629397
366,0.9385873675
367,0.9363113642
368,0.0536706522
369,0.2071650177
370,0.285443157
371,0.7536923289
372,0.3610543609
373,0.0517448373
374,0.907489121
375,0.3683007956
376,0.6869605184
377,0.9529446363
378,0.1529392451
379,0.049272012
380,0.0402945317
381,0.9246730208
382,0.1502049118
383,0.0440235659
384,0.0473322757
385,0.9237025976
386,0.0663998798
387,0.9469538331
388,0.8759668469
389,0.894135654
390,0.8306934237
391,0.8859938979
392,0.9125132561
393,0.8781678081
394,0.0714310184
395,0.0906688869
396,0.954854846
397,0.9027261138
398,0.3495023549
399,0.9587881565
400,0.9625340104
401,0.9532164335
402,0.9533003569
403,0.8701737523
404,0.3262532651
405,0.5964816213
406,0.8900959492
407,0.9562511444
408,0.3399894536
409,0.955018878
410,0.9624788761
411,0.3493553698
412,0.9355781674
413,0.0757373646
414,0.0500696078
415,0.4574919939
416,0.9228395224
417,0.4435912669
418,0.0880518407
419,0.9447917342
420,0.5336017609
421,0.0734872967
422,0.0502112247
423,0.9360927939
424,0.7800835371
425,0.129572317
426,0.0737168118
427,0.0404288061
428,0.9114418626
429,0.0644112602
430,0.9169935584
431,0.6258059144
432,0.9133173227
433,0.9262056947
434,0.962554574
435,0.1753857136
436,0.8485674858
437,0.8583647609
438,0.5899372101
439,0.9398815632
440,0.0555408485
441,0.0780778602
442,0.917435348
443,0.9283419251
444,0.9393091798
445,0.875895679
446,0.1260017902
447,0.9269092083
448,0.946513176
449,0.7543370724
450,0.7888457775
451,0.052528996
452,0.3121664226
453,0.9354801178
454,0.0485563949
455,0.8674964309
456,0.7021324039
457,0.9599267244
458,0.9385921955
459,0.8960721493
460,0.791315496
461,0.193091765
462,0.0448176526
463,0.045337934
464,0.9361820221
465,0.9102114439
466,0.7983865142
467,0.6864197254
468,0.0998026058
469,0.9169954062
470,0.9683683515
471,0.9001397491
472,0.4519286454
473,0.9240023494
474,0.0377808325
475,0.1681931317
476,0.9542427659
477,0.0575348698
478,0.0769175068
479,0.0344697945
480,0.2968122661
481,0.05757346
482,0.9191902876
483,0.0719736964
484,0.8909336925
485,0.0610973649
486,0.9213114977
487,0.8673828244
488,0.1937440634
489,0.9384447336
490,0.9635362625
491,0.1570334733
492,0.2244957238
493,0.9172038436
494,0.9368537664
495,0.9240251184
496,0.0941694602
497,0.8538367152
498,0.0460377671
499,0.8766377568
500,0.9498673677
501,0.9320503473
502,0.0621290952
503,0.5132390261
504,0.0518638231
505,0.921151042
506,0.1584643722
507,0.1822442114
508,0.9365512729
509,0.8696087003
510,0.2197327316
511,0.9062624574
512,0.2374844551
513,0.7028111219
514,0.0653573796
515,0.0391650051
516,0.9243813753
517,0.9341604114
518,0.3667812943
519,0.9047852159
520,0.0511077419
521,0.7516213059
522,0.1083987877
523,0.9531120062
524,0.9551542997
525,0.9195554256
526,0.772839725
527,0.177581355
528,0.9316416383
529,0.7747163177
530,0.0655947849
531,0.901658833
532,0.7550006509
533,0.9039987922
534,0.0420018807
535,0.9369789958
536,0.9071596265
537,0.9414327741
538,0.0974794477
539,0.923319757
540,0.6335478425
541,0.0381068178
542,0.7588784695
543,0.0548764579
544,0.8459982872
545,0.0572984815
546,0.9365753531
547,0.958504498
548,0.3202651739
549,0.9573715925
550,0.224298358
551,0.9026984572
552,0.0546904281
553,0.0447676554
554,0.8855666518
555,0.8528078794
556,0.9300195575
557,0.8654417396
558,0.0599312373
559,0.9306384921
560,0.9506912827
561,0.9142443538
562,0.9318963885
563,0.490968883
564,0.5696858764
565,0.7947182655
566,0.947543323
567,0.5240217447
568,0.9610580802
569,0.9305714965
570,0.0818056911
571,0.9114652872
572,0.9002603292
573,0.0393836126
574,0.0562792048
575,0.1540647745
576,0.8615900874
577,0.9422744513
578,0.9320193529
579,0.7484444976
580,0.404275924
581,0.0452369042
582,0.7928726673
583,0.9431349635
584,0.7188768387
585,0.0387107767
586,0.0568223074
587,0.1106755212
588,0.8925558925
589,0.959774673
590,0.839002192
591,0.1359065026
592,0.3206302226
593,0.7627096772
594,0.9330173135
595,0.0343007371
596,0.2104763985
597,0.8275862336
598,0.8496406674
599,0.9384924769
600,0.9061015844
601,0.9478515387
602,0.9575063586
603,0.7854938507
604,0.2086415589
605,0.9689773321
606,0.857205689
607,0.9133248925
608,0.0816948339
609,0.7857732773
610,0.899867177
611,0.9343150854
612,0.0872846469
613,0.9487409592
614,0.9248889089
615,0.0455273837
616,0.0893676803
617,0.0438326746
618,0.0544097424
619,0.0490134805
620,0.8902769089
621,0.0599634275
622,0.8302764297
623,0.5397764444
624,0.0949690416
625,0.0392217636
626,0.0469494574
627,0.9625177979
628,0.8274729252
629,0.9161090255
630,0.0519427359
631,0.9532926083
632,0.9030220509
633,0.8860254288
634,0.0421433412
635,0.6805567145
636,0.944612205
637,0.8420208693
638,0.0631797165
639,0.0732988939
640,0.9360557199
641,0.9392722845
642,0.853077352
643,0.0600655377
644,0.7597551346
645,0.931542635
646,0.8945571184
647,0.0652875155
648,0.0485567674
649,0.0750554875
650,0.9149756432
651,0.9112970233
652,0.1914510578
653,0.9575142264
654,0.0470164791
655,0.85129565
656,0.0471128412
657,0.9577763081
658,0.9157035947
659,0.5967503786
660,0.8482413292
661,0.5304083228
662,0.9166266322
663,0.9033777118
664,0.1102848649
665,0.8765384555
666,0.8183164597
667,0.2546953857
668,0.0484979376
669,0.8361341953
670,0.1513008028
671,0.7696684003
672,0.189978078
673,0.8455415368
674,0.8799078465
675,0.8857126832
676,0.8770495653
677,0.9320725203
678,0.8449351192
679,0.8714475632
680,0.9218758345
681,0.0445714369
682,0.1925396919
683,0.9267015457
684,0.7718298435
685,0.9259188175
686,0.312271595
687,0.7924456596
688,0.9269276857
689,0.9366931915
690,0.8945216537
691,0.3583212495
692,0.7731102705
693,0.9111727476
694,0.0382855199
695,0.9643170238
696,0.9271046519
697,0.5744398236
698,0.9279940724
699,0.8005535603
700,0.9628722072
701,0.0388173461
702,0.8545238972
703,0.8607634306
704,0.749630332
705,0.8800045252
706,0.0587917529
707,0.0519411974
708,0.9141082168
709,0.7172846198
710,0.377161026
711,0.0855457187
712,0.1246904805
713,0.0556118004
714,0.0545527786
715,0.936661303
716,0.9216970801
717,0.901666224
718,0.4402596653
719,0.910801053
720,0.9612447023
721,0.8749373555
722,0.9574366808
723,0.0488685854
724,0.2109771073
725,0.834030211
726,0.9148245454
727,0.907885015
728,0.7179175615
729,0.5525306463
730,0.925598681
731,0.9011365771
732,0.8897886276
733,0.802744329
734,0.0515209399
735,0.5758549571
736,0.9245989323
737,0.9395774603
738,0.2474333495
739,0.0634910092
740,0.9638282061
741,0.8547000885
742,0.7670215368
743,0.2346568257
744,0.0497447699
745,0.0473156571
746,0.7496185303
747,0.937300086
748,0.2314628959
749,0.0909735039
750,0.9513096213
751,0.0451788604
752,0.1090233922
753,0.5949923396
754,0.9429482222
755,0.8222506046
756,0.927252233
757,0.9265081286
758,0.9575065374
759,0.954349339
760,0.9098759294
761,0.9330763817
762,0.9141963124
763,0.054840669
764,0.9107604623
765,0.0610661581
766,0.9423218966
767,0.8851815462
768,0.7918551564
769,0.9119392633
770,0.7966985106
771,0.0740798563
772,0.8768206835
773,0.0514523499
774,0.8453248143
775,0.0746438354
776,0.930805862
777,0.6132842898
778,0.0640535951
779,0.0568869747
780,0.9351823926
781,0.0619628727
782,0.0351533666
783,0.6631513238
784,0.9494194984
785,0.9319650531
786,0.7872509956
787,0.0528155491
788,0.3900285959
789,0.0458075479
790,0.0452238247
791,0.4360895157
792,0.0680369586
793,0.9360184073
794,0.9154273868
795,0.0486890934
796,0.0558604375
797,0.9330086708
798,0.7070959806
799,0.8495365977
800,0.8466776013
801,0.0713499635
802,0.9046986699
803,0.7922269702
804,0.8614821434
805,0.860232532
806,0.9084187746
807,0.579046607
808,0.9486581683
809,0.8669114113
810,0.8981448412
811,0.910189867
812,0.8791507483
813,0.7837939262
814,0.8666109443
815,0.7825737
816,0.9349383116
817,0.7800170183
818,0.936524868
819,0.6374672651
820,0.9009702206
821,0.729652524
822,0.0707263649
823,0.8645960093
824,0.0473155603
825,0.9425458312
826,0.9380678535
827,0.2206159085
828,0.9168653488
829,0.8175568581
830,0.6808795333
831,0.7944129109
832,0.917645216
833,0.8309112191
834,0.3889886737
835,0.8551077247
836,0.7699199319
837,0.9459562302
838,0.0507577211
839,0.9332992435
840,0.1375491172
841,0.8869338632
842,0.9010099769
843,0.8662151694
844,0.0479272641
845,0.7013445497
846,0.0333165005
847,0.0329832025
848,0.047333844
849,0.8626193404
850,0.6008476019
851,0.9530899525
852,0.0594221689
853,0.1590146869
854,0.1214754432
855,0.9259849191
856,0.9650759101
857,0.8435690403
858,0.2327794582
859,0.0384831429
860,0.0534409583
861,0.8598476052
862,0.9143705368
863,0.9186225533
864,0.9452935457
865,0.3454036415
866,0.8816211224
867,0.394230634
868,0.0425623395
869,0.0435486324
870,0.0547817759
871,0.0405885056
872,0.9445790648
873,0.9450389743
874,0.8936252594
875,0.3445007205
876,0.330788821
877,0.9126412272
878,0.9315279722
879,0.96646595
880,0.9524562955
881,0.076179862
882,0.9296962619
883,0.8531491756
884,0.7940170765
885,0.0394723229
886,0.9236600995
887,0.0649322718
888,0.9208125472
889,0.7410244942
890,0.1105436683
891,0.558875978
892,0.1436106265
893,0.0686614066
894,0.055648651
895,0.8323916197
896,0.9285879135
897,0.8405727744
898,0.8224838376
899,0.9450929165
900,0.8373830915
901,0.9058924913
902,0.8810816407
903,0.834923625
904,0.2673306763
905,0.9159008861
906,0.9450128078
907,0.2535814047
908,0.8881200552
909,0.0456130244
910,0.887668252
911,0.9147652984
912,0.0756232813
913,0.0679838061
914,0.068866469
915,0.8684054017
916,0.9550353289
917,0.0409589037
918,0.5978523493
919,0.0534326248
920,0.0658895597
921,0.0430208966
922,0.9331661463
923,0.3774166107
924,0.5671216846
925,0.0436411388
926,0.0459517948
927,0.9111860991
928,0.807054162
929,0.9573478699
930,0.9154558182
931,0.9288973808
932,0.6952520013
933,0.9563194513
934,0.6525036693
935,0.8842228055
936,0.795004189
937,0.629265964
938,0.9184202552
939,0.9341440201
940,0.9269515276
941,0.6282612681
942,0.8965577483
943,0.1176737323
944,0.9263135791
945,0.0790747777
946,0.8322373629
947,0.828101933
948,0.9520260692
949,0.833809495
950,0.3112644553
951,0.0495781824
952,0.9275175333
953,0.0866150185
954,0.2432258725
955,0.9208384752
956,0.9403367043
957,0.0940803811
958,0.2796067894
959,0.945389092
960,0.9179416299
961,0.8044300675
962,0.8636773825
963,0.9363466501
964,0.1320256591
965,0.0765535831
966,0.1211479753
967,0.0589436851
968,0.049671948
969,0.7734733224
970,0.8301485181
971,0.0573989898
972,0.0789078251
973,0.1992663741
974,0.9027681351
975,0.0997596309
976,0.1283965409
977,0.0779577419
978,0.9212508798
979,0.1428880841
980,0.1143546402
981,0.7966973186
982,0.0484271906
983,0.03900766
984,0.0470092259
985,0.4887242913
986,0.0598351061
987,0.969152987
988,0.9339441061
989,0.8794782162
990,0.9179406166
991,0.8620921373
992,0.8858044744
993,0.8929516077
994,0.9589495659
995,0.0930966884
996,0.858199954
997,0.1251839548
998,0.8961745501
999,0.8985493183
1000,0.9634650946
1001,0.0783525929
1002,0.2984218299
1003,0.0833386853
1004,0.0596133843
1005,0.0586518534
1006,0.083949551
1007,0.3525921106
1008,0.2696771324
1009,0.9011072516
1010,0.9158673882
1011,0.8726686239
1012,0.3463485241
1013,0.8444032073
1014,0.0652962327
1015,0.8818138242
1016,0.0477544926
1017,0.0738459006
1018,0.0356159844
1019,0.0815202147
1020,0.8656126261
1021,0.8889548779
1022,0.9391757846
1023,0.9298511148
1024,0.9202986956
1025,0.9262217879
1026,0.9729979038
1027,0.0399317369
1028,0.105034247
1029,0.9067875743
1030,0.6861943603
1031,0.0678192228
1032,0.087513566
1033,0.9008337259
1034,0.7711276412
1035,0.6162233353
1036,0.0733181164
1037,0.9081650972
1038,0.539765656
1039,0.8980428576
1040,0.9035177231
1041,0.0376992449
1042,0.916474402
1043,0.2391330153
1044,0.9115620255
1045,0.9282976985
1046,0.3133045137
1047,0.8769159913
1048,0.8599941134
1049,0.0538018532
1050,0.4545828402
1051,0.0377713107
1052,0.7811148167
1053,0.9295602441
1054,0.0521113798
1055,0.1176272854
1056,0.8697085977
1057,0.93139714
1058,0.0614504889
1059,0.0509249158
1060,0.2760470212
1061,0.0507959872
1062,0.9056638479
1063,0.9381738901
1064,0.9039516449
1065,0.0649306923
1066,0.9155620933
1067,0.0597751848
1068,0.876481235
1069,0.9021621346
1070,0.0540139899
1071,0.8955553174
1072,0.0473416299
1073,0.919077754
1074,0.791657567
1075,0.7980760336
1076,0.9369602799
1077,0.0626949668
1078,0.9566676021
1079,0.8258809447
1080,0.2866947353
1081,0.0428155288
1082,0.819449842
1083,0.8877732754
1084,0.7955194712
1085,0.0821484104
1086,0.0598126091
1087,0.0554366857
1088,0.053035222
1089,0.1977223158
1090,0.0893010721
1091,0.8439944983
1092,0.3721353114
1093,0.7479299903
1094,0.953168273
1095,0.0491615832
1096,0.9122067094
1097,0.9235127568
1098,0.8299731016
1099,0.0420662686
1100,0.0824149325
1101,0.2002999336
1102,0.1236577258
1103,0.0531933196
1104,0.8964620233
1105,0.6774708629
1106,0.9109474421
1107,0.9146457314
1108,0.0555415712
1109,0.6026527882
1110,0.7926793695
1111,0.8920181394
1112,0.8932950497
1113,0.2508537769
1114,0.2773156166
1115,0.9426392317
1116,0.9352472425
1117,0.3270278871
1118,0.0788302273
1119,0.852375567
1120,0.256559521
1121,0.0342477076
1122,0.0412861221
1123,0.0950952917
1124,0.0517639555
1125,0.7549259067
1126,0.9336649776
1127,0.327571243
1128,0.8692215681
1129,0.9557859302
1130,0.9511962533
1131,0.9032369852
1132,0.9583950043
1133,0.1977633983
1134,0.9626232386
1135,0.0511324555
1136,0.9088364244
1137,0.1446041316
1138,0.9201801419
1139,0.0602688454
1140,0.8975599408
1141,0.8085858226
1142,0.9028155804
1143,0.9327734113
1144,0.0636576414
1145,0.8798537254
1146,0.3728447855
1147,0.4210495651
1148,0.8990104198
1149,0.8624560833
1150,0.065999791
1151,0.3688686788
1152,0.3913045526
1153,0.952485323
1154,0.8908014894
1155,0.9522123933
1156,0.9149648547
1157,0.9583052993
1158,0.0531726703
1159,0.3295896053
1160,0.9470698833
1161,0.1029542983
1162,0.839009583
1163,0.0933874398
1164,0.9408694506
1165,0.8981584311
1166,0.0355909579
1167,0.9531328082
1168,0.9005775452
1169,0.2238688171
1170,0.9265250564
1171,0.7977705002
1172,0.8747907877
1173,0.9227004647
1174,0.0923905
1175,0.1431070864
1176,0.8992313743
1177,0.0485430583
1178,0.5430611968
1179,0.903945446
1180,0.7429853678
1181,0.4207148552
1182,0.7621005774
1183,0.048321642
1184,0.0394987427
1185,0.8942986727
1186,0.0496235304
1187,0.0671441033
1188,0.9377685785
1189,0.8870764375
1190,0.9465517998
1191,0.9052093029
1192,0.9589392543
1193,0.0469763801
1194,0.6078168154
1195,0.8046087623
1196,0.8191090822
1197,0.4792598784
1198,0.0737107918
1199,0.0709528401
1200,0.8358057141
1201,0.119663693
1202,0.0600670204
1203,0.3742349744
1204,0.3234675229
1205,0.7200152874
1206,0.9002870917
1207,0.7869579792
1208,0.9057307243
1209,0.2196084559
1210,0.0377359726
1211,0.9121888876
1212,0.9725196958
1213,0.0617089309
1214,0.1178865209
1215,0.935665071
1216,0.9249812961
1217,0.0736936554
1218,0.9159160256
1219,0.9211001992
1220,0.771361351
1221,0.0587426685
1222,0.0758633986
1223,0.0596146435
1224,0.787484169
1225,0.0514632165
1226,0.9134762883
1227,0.9639455676
1228,0.9206273556
1229,0.8898723722
1230,0.8021742702
1231,0.0489560142
1232,0.8891008496
1233,0.0701494664
1234,0.0721078664
1235,0.9383334517
1236,0.9470431805
1237,0.9502740502
1238,0.1424217969
1239,0.831509769
1240,0.7795017958
1241,0.1897021085
1242,0.0617250577
1243,0.9019733071
1244,0.5884542465
1245,0.9221134782
1246,0.939209938
1247,0.4107971191
1248,0.7066956162
1249,0.175318256
1250,0.7359039187
1251,0.0829131454
1252,0.8597500324
1253,0.0787050948
1254,0.5016307235
1255,0.0793276727
1256,0.0533594638
1257,0.8495326042
1258,0.1123700812
1259,0.9374194145
1260,0.6003270745
1261,0.0557672083
1262,0.334481895
1263,0.9442183375
1264,0.5726216435
1265,0.0704632476
1266,0.9254261255
1267,0.8698835373
1268,0.8985076547
1269,0.7745034099
1270,0.8099083304
1271,0.0654331967
1272,0.0480068065
1273,0.8884651065
1274,0.9413375854
1275,0.9545311332
1276,0.9529852867
1277,0.8020527959
1278,0.0490580201
1279,0.9372737408
1280,0.9296517372
1281,0.3949040473
1282,0.9260935187
1283,0.8580588102
1284,0.8569205403
1285,0.0525793172
1286,0.9670713544
1287,0.9490097761
1288,0.2610931396
1289,0.9300929904
1290,0.9611682296
1291,0.1588760465
1292,0.9414378405
1293,0.8592221141
1294,0.62942487
1295,0.9439400434
1296,0.9302137494
1297,0.0391604006
1298,0.4262845814
1299,0.9152286649
1300,0.7875285149
1301,0.9368861914
1302,0.921030879
1303,0.9450871348
1304,0.940536201
1305,0.0754481852
1306,0.1352938414
1307,0.8318228126
1308,0.9396208525
1309,0.938690424
1310,0.8506095409
1311,0.815100491
1312,0.8376315832
1313,0.0549497195
1314,0.7446892262
1315,0.0382488333
1316,0.0375199728
1317,0.0833088383
1318,0.3824593127
1319,0.2314447165
1320,0.7757799625
1321,0.0600197352
1322,0.0491526239
1323,0.1435274631
1324,0.8525288105
1325,0.1212345585
1326,0.9510999322
1327,0.8969404697
1328,0.0702057555
1329,0.8758990765
1330,0.9213383794
1331,0.8340256214
1332,0.4970687032
1333,0.8164789677
1334,0.7931553125
1335,0.2568341196
1336,0.8978652954
1337,0.3598721921
1338,0.355676949
1339,0.8432788253
1340,0.8984069824
1341,0.6794742942
1342,0.0436834507
1343,0.510281682
1344,0.051073119
1345,0.2862480283
1346,0.0377851762
1347,0.0910623819
1348,0.0952404439
1349,0.903634131
1350,0.0411113091
1351,0.9115505219
1352,0.0989442468
1353,0.0604169145
1354,0.033164002
1355,0.1348606199
1356,0.6695285439
1357,0.1308259666
1358,0.0689822957
1359,0.0560156405
1360,0.8435457349
1361,0.0469270386
1362,0.2955789566
1363,0.1002671644
1364,0.9101893306
1365,0.0311736707
1366,0.0476933196
1367,0.8909994364
1368,0.1119397283
1369,0.8911939263
1370,0.0449636392
1371,0.040143609
1372,0.926238656
1373,0.9400683045
1374,0.0430978388
1375,0.0438124426
1376,0.046361886
1377,0.0417229943
1378,0.0698566064
1379,0.8926548958
1380,0.8825797439
1381,0.8998875022
1382,0.9004013538
1383,0.9377765656
1384,0.1197856292
1385,0.71249789
1386,0.142415911
1387,0.0545815192
1388,0.0976310819
1389,0.0552809238
1390,0.9343835711
1391,0.3426981866
1392,0.0437545218
1393,0.8957192898
1394,0.8297496438
1395,0.8947777748
1396,0.8185944557
1397,0.9115679264
1398,0.945856452
1399,0.2989033461
1400,0.0704726502
1401,0.856325984
1402,0.8762248158
1403,0.0513105504
1404,0.0395798683
1405,0.0583544858
1406,0.824198246
1407,0.8828592896
1408,0.0615283549
1409,0.0438192748
1410,0.9624786377
1411,0.9179528952
1412,0.1655538231
1413,0.9140751958
1414,0.8580473065
1415,0.9142048359
1416,0.957431376
1417,0.9444989562
1418,0.0543597415
1419,0.8886092305
1420,0.3044984937
1421,0.0471876636
1422,0.1027504057
1423,0.0399986468
1424,0.934892416
1425,0.0507281162
1426,0.0502555296
1427,0.0402918048
1428,0.8608772159
1429,0.1432712674
1430,0.0633935481
1431,0.8789916635
1432,0.494677037
1433,0.0628435835
1434,0.9380443692
1435,0.926389873
1436,0.9455502033
1437,0.9707631469
1438,0.9311452508
1439,0.9650669098
1440,0.0437091924
1441,0.2113702744
1442,0.0874091387
1443,0.05324338
1444,0.0948710814
1445,0.0976718068
1446,0.866843164
1447,0.9521538019
1448,0.910398066
1449,0.2418383658
1450,0.9415664673
1451,0.2159380019
1452,0.9146316648
1453,0.9253409505
1454,0.0426406972
1455,0.0356578045
1456,0.0589975528
1457,0.8291649818
1458,0.8627873659
1459,0.9266593456
1460,0.9053435326
1461,0.2587894499
1462,0.1837611049
1463,0.7656502128
1464,0.8995460272
1465,0.1616733521
1466,0.0407492965
1467,0.8835382462
1468,0.0424075276
1469,0.9590770602
1470,0.0423992313
1471,0.0428422615
1472,0.9398388267
1473,0.8267017603
1474,0.1025623605
1475,0.8612048626
1476,0.8468849063
1477,0.0725996494
1478,0.070744887
1479,0.0535799563
1480,0.5107645392
1481,0.9216254354
1482,0.0927563757
1483,0.0749743432
1484,0.9524934292
1485,0.3225074708
1486,0.9303070307
1487,0.2506999373
1488,0.0521624684
1489,0.8890581727
1490,0.6764858961
1491,0.0908470377
1492,0.8314945698
1493,0.0649575964
1494,0.918101728
1495,0.928591311
1496,0.0469300263
1497,0.8883681893
1498,0.9346339703
1499,0.949880302
1500,0.7342431545
1501,0.0863539129
1502,0.313698709
1503,0.0457736775
1504,0.9441195726
1505,0.0539154857
1506,0.9605423212
1507,0.0826979056
1508,0.9531924129
1509,0.9359297156
1510,0.7469328046
1511,0.2159443796
1512,0.9246753454
1513,0.8881062269
1514,0.1662754714
1515,0.0617678761
1516,0.7487818003
1517,0.8444786668
1518,0.055009231
1519,0.0494178534
1520,0.9168050885
1521,0.9127326608
1522,0.9098918438
1523,0.0423434228
1524,0.8326964378
1525,0.9135238528
1526,0.1346075833
1527,0.3618105352
1528,0.8654968739
1529,0.9200672507
1530,0.9263743758
1531,0.8879149556
1532,0.0454610288
1533,0.0488734283
1534,0.9661209583
1535,0.0613888912
1536,0.8964179754
1537,0.900968492
1538,0.0529121459
1539,0.0646894798
1540,0.8894358277
1541,0.5622001886
1542,0.092611216
1543,0.296749115
1544,0.9560565948
1545,0.927598834
1546,0.8523994088
1547,0.9685747027
1548,0.270861268
1549,0.0351197049
1550,0.0936081558
1551,0.0356669389
1552,0.056168545
1553,0.1340754032
1554,0.0528378934
1555,0.0511514992
1556,0.8734750748
1557,0.0917262286
1558,0.2814031243
1559,0.9037202001
1560,0.5729004145
1561,0.7093272209
1562,0.8215032816
1563,0.8429413438
1564,0.6387985349
1565,0.7407413125
1566,0.052461829
1567,0.2203870118
1568,0.5284869671
1569,0.3142274916
1570,0.8799572587
1571,0.1786948889
1572,0.3314216137
1573,0.9136584401
1574,0.8336526752
1575,0.9391983747
1576,0.9550485611
1577,0.8462011218
1578,0.0615311749
1579,0.2021307051
1580,0.9492540956
1581,0.0614326708
1582,0.0957946479
1583,0.9428851604
1584,0.6787082553
1585,0.7904037237
1586,0.7589692473
1587,0.9469794631
1588,0.9479677081
1589,0.9270244837
1590,0.8760082126
1591,0.048567947
1592,0.8497774601
1593,0.8039934039
1594,0.0366981141
1595,0.047641594
1596,0.0450212397
1597,0.878813386
1598,0.926681757
1599,0.0492160432
1600,0.6502677798
1601,0.2308157831
1602,0.8902480006
1603,0.6731473804
1604,0.7940080166
1605,0.0696422756
1606,0.9465816617
1607,0.9430798888
1608,0.8738358021
1609,0.8744607568
1610,0.8923174143
1611,0.8292898536
1612,0.9536863565
1613,0.0752664283
1614,0.953425169
1615,0.9402803183
1616,0.8009214401
1617,0.1566737294
1618,0.9426475763
1619,0.9160735607
1620,0.8707212806
1621,0.8610294461
1622,0.8202354908
1623,0.0737498999
1624,0.0530713238
1625,0.0567988008
1626,0.0702727661
1627,0.0653483644
1628,0.9512528777
1629,0.9138278961
1630,0.654571116
1631,0.7615644336
1632,0.1349500567
1633,0.2285511941
1634,0.0424980894
1635,0.048519101
1636,0.0454943515
1637,0.0683897883
1638,0.8964210153
1639,0.9182231426
1640,0.2309440672
1641,0.0544118546
1642,0.949033618
1643,0.9549507499
1644,0.9403021336
1645,0.0499578677
1646,0.8507350683
1647,0.7784492373
1648,0.9268004298
1649,0.9528389573
1650,0.8655049801
1651,0.9221493602
1652,0.0379397571
1653,0.8464785218
1654,0.8273376226
1655,0.9049019814
1656,0.4972624481
1657,0.6497632265
1658,0.0404502824
1659,0.9689429402
1660,0.9352678657
1661,0.1561936885
1662,0.9123684168
1663,0.8120115995
1664,0.0474628843
1665,0.1497297585
1666,0.0989056528
1667,0.8989619017
1668,0.9274816513
1669,0.9184362888
1670,0.2567827404
1671,0.8665950298
1672,0.8820371032
1673,0.2415223569
1674,0.090798609
1675,0.2994560599
1676,0.0617985278
1677,0.9146280289
1678,0.8395903111
1679,0.0496853217
1680,0.9025302529
1681,0.6359854937
1682,0.6326844096
1683,0.9496070743
1684,0.031393595
1685,0.2488369048
1686,0.0446826816
1687,0.0527392887
1688,0.9063978791
1689,0.8948239684
1690,0.888720274
1691,0.071862109
1692,0.2952911258
1693,0.8880910873
1694,0.2244825214
1695,0.3620868325
1696,0.9662564397
1697,0.9573485255
1698,0.0423462801
1699,0.8755238056
1700,0.036684595
1701,0.0399566069
1702,0.8413638473
1703,0.7146657705
1704,0.0325083174
1705,0.1622347683
1706,0.0356383622
1707,0.9270680547
1708,0.2602315843
1709,0.1908206046
1710,0.0660633966
1711,0.0502323322
1712,0.0502170213
1713,0.7580687404
1714,0.0498485342
1715,0.142974332
1716,0.954932034
1717,0.0382917076
1718,0.0611762702
1719,0.0629721805
1720,0.8003313541
1721,0.1757812947
1722,0.9007564187
1723,0.8766756058
1724,0.0322619788
1725,0.7642383575
1726,0.0485013388
1727,0.9351350665
1728,0.7867175937
1729,0.9340116382
1730,0.9206719399
1731,0.037617363
1732,0.8381516933
1733,0.0433302633
1734,0.0600423552
1735,0.8285399079
1736,0.0600069836
1737,0.9434891939
1738,0.9042454958
1739,0.9121044278
1740,0.0341741182
1741,0.3499662578
1742,0.3059691489
1743,0.0491062663
1744,0.9533243775
1745,0.6022579074
1746,0.9162538648
1747,0.7086247802
1748,0.2174371183
1749,0.0950705931
1750,0.9522219896
1751,0.0520647652
1752,0.0481206737
1753,0.8468373418
1754,0.9003344774
1755,0.9111116529
1756,0.1260843277
1757,0.9167390466
1758,0.4009730816
1759,0.7031518221
1760,0.7520796061
1761,0.1933612078
1762,0.871827364
1763,0.9613580704
1764,0.917968452
1765,0.0863757059
1766,0.8420168161
1767,0.2102348357
1768,0.8405629992
1769,0.3785311282
1770,0.1116779149
1771,0.9557541609
1772,0.8147295713
1773,0.8816600442
1774,0.1836870611
1775,0.0340802185
1776,0.9051659107
1777,0.191333726
1778,0.8746035695
1779,0.0422458015
1780,0.0348943174
1781,0.9219499826
1782,0.1166721806
1783,0.6507766843
1784,0.9004667401
1785,0.1233225241
1786,0.926456809
1787,0.6561970711
1788,0.0560765043
1789,0.9297253489
1790,0.1012188196
1791,0.6867392063
1792,0.9297662973
1793,0.2540287077
1794,0.8957948685
1795,0.7308939695
1796,0.0575044826
1797,0.0698608011
1798,0.0627973974
1799,0.0526450351
1800,0.9711155891
1801,0.0695264712
1802,0.0780000463
1803,0.9206171632
1804,0.0582316555
1805,0.9553226233
1806,0.0556651317
1807,0.697768271
1808,0.9386547804
1809,0.1628437787
1810,0.0663629994
1811,0.037100859
1812,0.0535307936
1813,0.9363333583
1814,0.0611109734
1815,0.9603891969
1816,0.0347446688
1817,0.9068014026
1818,0.140301913
1819,0.5579944849
1820,0.8366732001
1821,0.7397398949
1822,0.9396675229
1823,0.8111518025
1824,0.3091952205
1825,0.9554828405
1826,0.9393919706
1827,0.9140318036
1828,0.0389148258
1829,0.0500732102
1830,0.0486859046
1831,0.8315606713
1832,0.8485139012
1833,0.1269361526
1834,0.081185028
1835,0.8829945922
1836,0.8794256449
1837,0.0395054556
1838,0.1010357738
1839,0.8533102274
1840,0.8701344728
1841,0.9272459149
1842,0.2124510705
1843,0.8210520148
1844,0.9269188643
1845,0.8587278724
1846,0.9572557211
1847,0.9467675686
1848,0.042697221
1849,0.833757937
1850,0.2091044039
1851,0.9176298976
1852,0.0389582515
1853,0.8431375027
1854,0.9446005821
1855,0.8499770164
1856,0.1597633511
1857,0.7829915881
1858,0.3801380992
1859,0.0936456621
1860,0.1935048997
1861,0.0777977556
1862,0.1117741391
1863,0.0415524393
1864,0.0489057973
1865,0.0427758172
1866,0.1840767413
1867,0.9533337355
1868,0.0564003997
1869,0.7589043379
1870,0.4308553338
1871,0.1337460428
1872,0.0474492833
1873,0.9229668379
1874,0.0642950907
1875,0.8956291676
1876,0.198500663
1877,0.0598126091
1878,0.8894718885
1879,0.0733390003
1880,0.3215397
1881,0.8653735518
1882,0.8245353699
1883,0.0928892419
1884,0.9307000637
1885,0.048241578
1886,0.0338475145
1887,0.0611006878
1888,0.0449664593
1889,0.8276136518
1890,0.0950762331
1891,0.1070523188
1892,0.9572017789
1893,0.1743656546
1894,0.4101192653
1895,0.0492280722
1896,0.927759707
1897,0.9416409135
1898,0.1310762763
1899,0.7406409979
1900,0.7361382246
1901,0.0748407021
1902,0.9112261534
1903,0.8984932303
1904,0.4030573666
1905,0.9663880467
1906,0.0355310477
1907,0.4641928673
1908,0.0879741013
1909,0.0908992365
1910,0.8483879566
1911,0.0411123224
1912,0.8989722729
1913,0.9212142229
1914,0.9561471343
1915,0.5593759418
1916,0.0556450412
1917,0.0919154584
1918,0.1458740681
1919,0.1827789694
1920,0.0427294932
1921,0.9363878965
1922,0.0409301817
1923,0.5394893885
1924,0.9448814988
1925,0.9121682644
1926,0.1751788855
1927,0.7172091603
1928,0.0385795347
1929,0.7722831368
1930,0.0431353934
1931,0.0730061755
1932,0.8846409321
1933,0.2419219315
1934,0.7369057536
1935,0.8523799777
1936,0.9610600472
1937,0.3945926726
1938,0.2383359671
1939,0.935869813
1940,0.0337605104
1941,0.8920714259
1942,0.8946858644
1943,0.2967306674
1944,0.8958812952
1945,0.0974349007
1946,0.8904058933
1947,0.0525161214
1948,0.0481753908
1949,0.0450318493
1950,0.0889626443
1951,0.0744917244
1952,0.9006840587
1953,0.1028790846
1954,0.9260987639
1955,0.9598583579
1956,0.8032232523
1957,0.9008398056
1958,0.4916034043
1959,0.94198066
1960,0.0575157255
1961,0.0629314855
1962,0.8970651031
1963,0.8805858493
1964,0.9185557365
1965,0.8466311693
1966,0.9307719469
1967,0.9030880332
1968,0.8896335959
1969,0.0418429151
1970,0.1036287099
1971,0.133639589
1972,0.0490815155
1973,0.5598490834
1974,0.0622504577
1975,0.9506731033
1976,0.1478042305
1977,0.0333700478
1978,0.0548257045
1979,0.0472386591
1980,0.8899591565
1981,0.2705020905
1982,0.9448806643
1983,0.3493919969
1984,0.2013605237
1985,0.8809607029
1986,0.0568971559
1987,0.0434236191
1988,0.0689734444
1989,0.1964528114
1990,0.5788943768
1991,0.0465944894
1992,0.0541358963
1993,0.7958326936
1994,0.8889886737
1995,0.7413566113
1996,0.0416484475
1997,0.9136348367
1998,0.9280424118
1999,0.2734648883
2000,0.7985713482
2001,0.8363133669
2002,0.0479042158
2003,0.102496393
2004,0.1250419915
2005,0.5339481831
2006,0.4753085077
2007,0.5097096562
2008,0.235937044
2009,0.9479305744
2010,0.8935020566
2011,0.8124290109
2012,0.8674018979
2013,0.8983079195
2014,0.7220893502
2015,0.0851553008
2016,0.9355934262
2017,0.8996908069
2018,0.9174079895
2019,0.9441865087
2020,0.9595050812
2021,0.9591447115
2022,0.6965278983
2023,0.0388773046
2024,0.0884127095
2025,0.0454738103
2026,0.7141842246
2027,0.7365949154
2028,0.0554283969
2029,0.9016907811
2030,0.0461078659
2031,0.8819823265
2032,0.5921180844
2033,0.0499040782
2034,0.062637724
2035,0.920727849
2036,0.954431355
2037,0.2930075228
2038,0.1055147126
2039,0.1129446626
2040,0.8229405284
2041,0.6026471257
2042,0.3107918203
2043,0.1849809587
2044,0.8667796254
2045,0.8473699093
2046,0.9288797975
2047,0.8283746839
2048,0.7202693224
2049,0.8247660398
2050,0.0434319675
2051,0.373927176
2052,0.9393139482
2053,0.9150553346
2054,0.2858347297
2055,0.735240221
2056,0.04500762
2057,0.0532716289
2058,0.1707545668
2059,0.157834664
2060,0.9017279148
2061,0.8260294199
2062,0.9151735902
2063,0.8584683537
2064,0.7820218802
2065,0.3372052908
2066,0.9388653636
2067,0.1001010463
2068,0.6901310682
2069,0.2373532206
2070,0.9508090019
2071,0.1453458667
2072,0.0490317754
2073,0.6585693955
2074,0.1600915343
2075,0.8225725889
2076,0.0831760019
2077,0.0608275048
2078,0.0483641438
2079,0.8342866302
2080,0.6886594296
2081,0.9452668428
2082,0.2644637823
2083,0.8384146094
2084,0.9275918007
2085,0.9409757853
2086,0.970648706
2087,0.2084706426
2088,0.8707563281
2089,0.0549949557
2090,0.0631847531
2091,0.9201251268
2092,0.9057120085
2093,0.2462880015
2094,0.7670744061
2095,0.0466399267
2096,0.921250701
2097,0.9289624691
2098,0.1169376895
2099,0.7435365319
2100,0.2595022321
2101,0.0415314399
2102,0.2225304395
2103,0.0567488298
2104,0.1003304571
2105,0.9212399721
2106,0.0533970036
2107,0.8008232117
2108,0.108090587
2109,0.0430715941
2110,0.8999750018
2111,0.0480811745
2112,0.0307138097
2113,0.2467148602
2114,0.3827144206
2115,0.2959084213
2116,0.6783893108
2117,0.7766962647
2118,0.0493334644
2119,0.2912505865
2120,0.4591850638
2121,0.9357427359
2122,0.4701776505
2123,0.9421015382
2124,0.7707207203
2125,0.0930126011
2126,0.9358680248
2127,0.2253432125
2128,0.0564420819
2129,0.6959046125
2130,0.0767175555
2131,0.1824804097
2132,0.5405702591
2133,0.045565214
2134,0.7541732192
2135,0.8242741823
2136,0.6144589186
2137,0.0516914502
2138,0.1351009458
2139,0.1380653232
2140,0.8283205032
2141,0.0841970742
2142,0.0491228364
2143,0.9247621298
2144,0.9644519687
2145,0.1253970265
2146,0.1407511979
2147,0.0417557508
2148,0.0402096026
2149,0.9388111234
2150,0.2547810376
2151,0.801666081
2152,0.8929356933
2153,0.0403765403
2154,0.8423085213
2155,0.9528300166
2156,0.057120543
2157,0.923253715
2158,0.6699005365
2159,0.050848756
2160,0.9168784022
2161,0.0525951423
2162,0.9080928564
2163,0.8690372109
2164,0.0470347255
2165,0.0625799
2166,0.0333426856
2167,0.0461987928
2168,0.8745880127
2169,0.9060952067
2170,0.2284676433
2171,0.0691034198
2172,0.8203378916
2173,0.0567188859
2174,0.0832633451
2175,0.9497633576
2176,0.9031156302
2177,0.8994497061
2178,0.0963360816
2179,0.0373615734
2180,0.9693011045
2181,0.8963097334
2182,0.873048842
2183,0.1255749017
2184,0.8467443585
2185,0.8856091499
2186,0.0573661812
2187,0.9082215428
2188,0.2834459841
2189,0.9143041968
2190,0.0645252317
2191,0.9143021703
2192,0.9542340636
2193,0.0465121157
2194,0.0670300648
2195,0.0345724151
2196,0.0512075312
2197,0.9453538656
2198,0.9162814617
2199,0.9386511445
2200,0.9545314312
2201,0.9493911266
2202,0.0404212214
2203,0.0437421314
2204,0.8215502501
2205,0.6575971246
2206,0.2284321636
2207,0.037513189
2208,0.0474135093
2209,0.0746595636
2210,0.8871853948
2211,0.9037492871
2212,0.8932808042
2213,0.1427314132
2214,0.8748262525
2215,0.3066472411
2216,0.8529210687
2217,0.3594120443
2218,0.9124066234
2219,0.0738623887
2220,0.1019823253
2221,0.8945379257
2222,0.2943137884
2223,0.0407501273
2224,0.9392755628
2225,0.8347435594
2226,0.3085476756
2227,0.8145453334
2228,0.0505229086
2229,0.8911296129
2230,0.9244770408
2231,0.0473323949
2232,0.047656808
2233,0.0479326174
2234,0.8189193606
2235,0.0454195887
2236,0.8086542487
2237,0.8335258365
2238,0.0685609877
2239,0.0328173116
2240,0.0401122086
2241,0.8730638027
2242,0.1926154196
2243,0.9318775535
2244,0.9566696286
2245,0.0493135974
2246,0.043816831
2247,0.183842659
2248,0.9006398916
2249,0.2509416938
2250,0.0875567198
2251,0.8035873175
2252,0.8593122959
2253,0.100279741
2254,0.2385605127
2255,0.4030176997
2256,0.2730904222
2257,0.2978023291
2258,0.0701944977
2259,0.1442771554
2260,0.208681643
2261,0.8938902617
2262,0.8862338066
2263,0.9333857298
2264,0.0690464899
2265,0.232013911
2266,0.0407601185
2267,0.7980659008
2268,0.8821111918
2269,0.0350335129
2270,0.0533822291
2271,0.9360574484
2272,0.6593289971
2273,0.8459265232
2274,0.0358877406
2275,0.2020832002
2276,0.9192414284
2277,0.0540331714
2278,0.0444944762
2279,0.8983805776
2280,0.8595722914
2281,0.8685730696
2282,0.4875025153
2283,0.9376642108
2284,0.0732876733
2285,0.9030903578
2286,0.8993732333
2287,0.907582283
2288,0.0557171404
2289,0.8512330055
2290,0.9061259627
2291,0.1152069122
2292,0.8127464652
2293,0.9374454021
2294,0.8918148875
2295,0.9214552641
2296,0.1095971242
2297,0.0761825293
2298,0.0447476581
2299,0.8693879247
2300,0.083688356
2301,0.0493342914
2302,0.2896863818
2303,0.9675033689
2304,0.0929378271
2305,0.7911587358
2306,0.0491394103
2307,0.8889582157
2308,0.1078125238
2309,0.0760265961
2310,0.8927751184
2311,0.8684281707
2312,0.8977424502
2313,0.0979154482
2314,0.9171287417
2315,0.4948636293
2316,0.0507851727
2317,0.0601370968
2318,0.9376504421
2319,0.9229205251
2320,0.9618110061
2321,0.8411137462
2322,0.045414079
2323,0.0452939048
2324,0.0548902936
2325,0.7207977176
2326,0.058866933
2327,0.036798425
2328,0.1491216272
2329,0.9340007901
2330,0.0488072149
2331,0.9095029831
2332,0.8713517189
2333,0.1851667017
2334,0.9132062197
2335,0.8824016452
2336,0.9304972887
2337,0.0882381573
2338,0.5704672933
2339,0.0466222689
2340,0.9633077383
2341,0.7576950192
2342,0.1991986334
2343,0.0745472535
2344,0.2568665445
2345,0.5494720936
2346,0.9204793572
2347,0.0337824225
2348,0.2473306805
2349,0.086327821
2350,0.9319102168
2351,0.9250485301
2352,0.7911713123
2353,0.1694713533
2354,0.9553869367
2355,0.913198173
2356,0.7114800215
2357,0.8635551333
2358,0.9459872246
2359,0.9475216866
2360,0.446490258
2361,0.9274613857
2362,0.4553546309
2363,0.9277948141
2364,0.791247189
2365,0.9163445234
2366,0.8129737973
2367,0.9341073632
2368,0.3558275402
2369,0.9460269809
2370,0.0583751388
2371,0.1136214659
2372,0.8767170906
2373,0.1018787846
2374,0.9207448363
2375,0.211775586
2376,0.0929221138
2377,0.085378252
2378,0.2335969508
2379,0.7584331632
2380,0.0899686515
2381,0.0576561503
2382,0.7670891285
2383,0.1069145575
2384,0.2390915155
2385,0.3248780966
2386,0.7075278163
2387,0.9389782548
2388,0.0654637963
2389,0.9391782284
2390,0.8777282238
2391,0.5938584805
2392,0.957382679
2393,0.9342413545
2394,0.829990387
2395,0.4287297428
2396,0.2618224919
2397,0.061917156
2398,0.0843542442
2399,0.8292692304
2400,0.0532255732
2401,0.9686105847
2402,0.0555108637
2403,0.5696567297
2404,0.0750487
2405,0.9299903512
2406,0.6739230156
2407,0.8893838525
2408,0.1857259572
2409,0.2997606397
2410,0.0577117205
2411,0.8955571055
2412,0.0456336215
2413,0.1645819843
2414,0.0900758728
2415,0.4302851558
2416,0.0757828355
2417,0.9175034761
2418,0.290822953
2419,0.0523424298
2420,0.3645730615
2421,0.0451259427
2422,0.0690087304
2423,0.8807701468
2424,0.9687459469
2425,0.8901740313
2426,0.9641816616
2427,0.9234570861
2428,0.5413547158
2429,0.9062073231
2430,0.038870845
2431,0.3059869409
2432,0.9560397267
2433,0.0473626032
2434,0.866456449
2435,0.0883647203
2436,0.0734355673
2437,0.9544420838
2438,0.0561089292
2439,0.2881872058
2440,0.7970390916
2441,0.2600596547
2442,0.9167925119
2443,0.090244852
2444,0.0636470169
2445,0.8407187462
2446,0.9466930032
2447,0.9100577831
2448,0.768132925
2449,0.8820235729
2450,0.9305316806
2451,0.5731368661
2452,0.0471448116
2453,0.9250300527
2454,0.8635069728
2455,0.417489022
2456,0.1526643783
2457,0.103542015
2458,0.0725003779
2459,0.9539730549
2460,0.0492016897
2461,0.0534821488
2462,0.0996171758
2463,0.1302357316
2464,0.9412268996
2465,0.29283005
2466,0.0450690649
2467,0.0528394543
2468,0.8608607054
2469,0.0780673176
2470,0.9139313698
2471,0.881991148
2472,0.9460787177
2473,0.9299014211
2474,0.9141451716
2475,0.8264474869
2476,0.0597690865
2477,0.0451109894
2478,0.0842849538
2479,0.1827789694
2480,0.8576443195
2481,0.0946853012
2482,0.0479323566
2483,0.065479666
2484,0.9377809763
2485,0.0428934917
2486,0.893904388
2487,0.0589411445
2488,0.8914152384
2489,0.9338745475
2490,0.0651238039
2491,0.0359285288
2492,0.7041445971
2493,0.9061082006
2494,0.2258804142
2495,0.8818984628
2496,0.9386852384
2497,0.8882195354
2498,0.046289701
2499,0.9413763285
2500,0.8893289566
2501,0.6098115444
2502,0.1513299495
2503,0.956702888
2504,0.2282448411
2505,0.0730203018
2506,0.1404512972
2507,0.0454833992
2508,0.1246745661
2509,0.3243705332
2510,0.0544314831
2511,0.9565021396
2512,0.9324074388
2513,0.0482011549
2514,0.0668154061
2515,0.9044665098
2516,0.856251955
2517,0.9109606743
2518,0.0514150895
2519,0.9163886309
2520,0.0551593862
2521,0.0620890111
2522,0.0491658412
2523,0.8679082394
2524,0.9401749372
2525,0.0605854914
2526,0.0500185452
2527,0.057722196
2528,0.8885142803
2529,0.0853725746
2530,0.0448075794
2531,0.8341651559
2532,0.0616870411
2533,0.0568027981
2534,0.0472730212
2535,0.0349027663
2536,0.8861735463
2537,0.0327324606
2538,0.853298068
2539,0.2338810861
2540,0.0886485204
2541,0.919944942
2542,0.9475364685
2543,0.8603043556
2544,0.8933494091
2545,0.6625542045
2546,0.0498778149
2547,0.0357246883
2548,0.0571395122
2549,0.1936277747
2550,0.0568321347
2551,0.0446671434
2552,0.0774911642
2553,0.9504047632
2554,0.9055502415
2555,0.9479337931
2556,0.8423610926
2557,0.0415671803
2558,0.0612083487
2559,0.0696448684
2560,0.1684824377
2561,0.7495509386
2562,0.1494630873
2563,0.8510482907
2564,0.938138485
2565,0.4749654233
2566,0.9569208026
2567,0.153366372
2568,0.4080864191
2569,0.9357887506
2570,0.0368094593
2571,0.9177249074
2572,0.36264503
2573,0.9179543853
2574,0.8239714503
2575,0.0394137874
2576,0.2348700762
2577,0.9607065916
2578,0.8710992932
2579,0.1588295847
2580,0.9178471565
2581,0.1274548918
2582,0.3411368728
2583,0.3380928338
2584,0.9200594425
2585,0.0647770315
2586,0.0524478331
2587,0.103512235
2588,0.1971205026
2589,0.9123872519
2590,0.0480635241
2591,0.9631099701
2592,0.8740259409
2593,0.8970661759
2594,0.0591463745
2595,0.5980815291
2596,0.6647997499
2597,0.3344622254
2598,0.9442741871
2599,0.0433580354
2600,0.9483178854
2601,0.1827789694
2602,0.0392502099
2603,0.0554528423
2604,0.2200070918
2605,0.0667533204
2606,0.1827789694
2607,0.8563577533
2608,0.1871701926
2609,0.0514751747
2610,0.0480272956
2611,0.0561053604
2612,0.9257465005
2613,0.0724253207
2614,0.9076158404
2615,0.9620338082
2616,0.1332874745
2617,0.8666580915
2618,0.7892267108
2619,0.7542018294
2620,0.7909665108
2621,0.0408547223
2622,0.0899254829
2623,0.955447197
2624,0.918892622
2625,0.0611831471
2626,0.9556505084
2627,0.2583855093
2628,0.9428304434
2629,0.3621844649
2630,0.0682797357
2631,0.0346943736
2632,0.1252274364
2633,0.7685267329
2634,0.1510813683
2635,0.0391354337
2636,0.9453398585
2637,0.0412592329
2638,0.8345367312
2639,0.0775573924
2640,0.9548680782
2641,0.1052642763
2642,0.0393043123
2643,0.3725264072
2644,0.0572009906
2645,0.0448984988
2646,0.0871021673
2647,0.1796789467
2648,0.0381157994
2649,0.0543290637
2650,0.9593823552
2651,0.7823821902
2652,0.0448588356
2653,0.5254876018
2654,0.0446571447
2655,0.6438006163
2656,0.8752812147
2657,0.0533851087
2658,0.0388500988
2659,0.0770034716
2660,0.9588388205
2661,0.5882416368
2662,0.0587698035
2663,0.8931370378
2664,0.8701255918
2665,0.056722559
2666,0.6652656794
2667,0.1049992889
2668,0.1366151869
2669,0.3060586751
2670,0.0433182493
2671,0.8027437925
2672,0.1113972068
2673,0.958576858
2674,0.0643627644
2675,0.4901066124
2676,0.8541787267
2677,0.7430361509
2678,0.0889016762
2679,0.0570497811
2680,0.9461904168
2681,0.9208256006
2682,0.0560518205
2683,0.0670823008
2684,0.8856832385
2685,0.9275444746
2686,0.5588457584
2687,0.0864787772
2688,0.3989612162
2689,0.7326694727
2690,0.5183077455
2691,0.9558164477
2692,0.7497035265
2693,0.0597947314
2694,0.0770298317
2695,0.9407300353
2696,0.4168269038
2697,0.0583860427
2698,0.0569951832
2699,0.8532648087
2700,0.0578432791
2701,0.0571803227
2702,0.1050791219
2703,0.1018931866
2704,0.8053301573
2705,0.0638244003
2706,0.1146211773
2707,0.9235947728
2708,0.8346300721
2709,0.1707434654
2710,0.9468554854
2711,0.1618735939
2712,0.0780956522
2713,0.9166573286
2714,0.9318445325
2715,0.9290688038
2716,0.0919866487
2717,0.131692335
2718,0.9478016496
2719,0.3139450848
2720,0.8882182837
2721,0.909653306
2722,0.0836764351
2723,0.860204041
2724,0.0568898395
2725,0.3932655156
2726,0.8951508999
2727,0.0498057976
2728,0.9508792758
2729,0.9001989365
2730,0.1042325124
2731,0.7168580294
2732,0.5669527054
2733,0.103049852
2734,0.937277019
2735,0.8186776638
2736,0.0668374822
2737,0.0505874269
2738,0.8650892973
2739,0.4107734859
2740,0.0366298184
2741,0.0655973256
2742,0.0428173095
2743,0.0622185096
2744,0.8223907351
2745,0.8860971928
2746,0.1584374011
2747,0.9021388888
2748,0.0445897132
2749,0.042318929
2750,0.0452595837
2751,0.7841251493
2752,0.0872561559
2753,0.9091020226
2754,0.4061905742
2755,0.0625336468
2756,0.7549816966
2757,0.4794159532
2758,0.036589019
2759,0.9512159824
2760,0.886850059
2761,0.1554585099
2762,0.494351536
2763,0.9188554287
2764,0.9018800259
2765,0.1444905847
2766,0.8352411985
2767,0.932813108
2768,0.0582076125
2769,0.8646503091
2770,0.0385223702
2771,0.516258657
2772,0.8676546812
2773,0.8056591749
2774,0.0480335318
2775,0.8051196337
2776,0.8683846593
2777,0.8884481788
2778,0.9489966631
2779,0.0450306833
2780,0.8464493155
2781,0.0375099629
2782,0.8874078989
2783,0.1366324872
2784,0.8223360181
2785,0.0745568424
2786,0.0571323819
2787,0.0369633175
2788,0.1129197255
2789,0.0583216399
2790,0.0471538007
2791,0.0756502226
2792,0.9258393049
2793,0.0625211522
2794,0.1334930658
2795,0.95820117
2796,0.0454888046
2797,0.0407664664
2798,0.8109120727
2799,0.0616265424
2800,0.2792214453
2801,0.8371875882
2802,0.9214271903
2803,0.7444496155
2804,0.0551573113
2805,0.0442967154
2806,0.0748770311
2807,0.9235472679
2808,0.0633502454
2809,0.9091339111
2810,0.8984612226
2811,0.2953159809
2812,0.8552666307
2813,0.9079648852
2814,0.9610341191
2815,0.7418673038
2816,0.0930835456
2817,0.8659392595
2818,0.0414989777
2819,0.5837848186
2820,0.0609824955
2821,0.9056848884
2822,0.9273578525
2823,0.1695789397
2824,0.9326273799
2825,0.6318276525
2826,0.9523736238
2827,0.0476854369
2828,0.9467477202
2829,0.0606531985
2830,0.9220816493
2831,0.0801522732
2832,0.964635551
2833,0.0333316624
2834,0.9304175973
2835,0.2214951962
2836,0.9610151052
2837,0.056033887
2838,0.0503723808
2839,0.9385125637
2840,0.0699729547
2841,0.8687950373
2842,0.7450706959
2843,0.0330567323
2844,0.8846181035
2845,0.049518358
2846,0.1135398969
2847,0.2272814959
2848,0.0869689882
2849,0.6570563316
2850,0.8747159839
2851,0.7992590666
2852,0.9014071822
2853,0.8689321876
2854,0.9611599445
2855,0.0724834949
2856,0.0646541119
2857,0.8854185939
2858,0.0420841537
2859,0.5362892747
2860,0.0437807217
2861,0.9240011573
2862,0.5301766992
2863,0.0571995005
2864,0.9392393827
2865,0.0389407463
2866,0.9497227669
2867,0.0577114113
2868,0.0664484501
2869,0.2176289707
2870,0.0554760732
2871,0.0527674071
2872,0.9488278627
2873,0.0484528057
2874,0.0958013386
2875,0.7931927443
2876,0.967287302
2877,0.926946044
2878,0.5218695402
2879,0.9593283534
2880,0.0447596237
2881,0.4284150898
2882,0.863437593
2883,0.0379227549
2884,0.0389873236
2885,0.9501889348
2886,0.0624037571
2887,0.4518758655
2888,0.9125202894
2889,0.9241775274
2890,0.9397068024
2891,0.0426670052
2892,0.3321983516
2893,0.6994363666
2894,0.0507726781
2895,0.3229272068
2896,0.9378452301
2897,0.103563793
2898,0.1996651739
2899,0.0906777978
2900,0.9086353779
2901,0.8831000328
2902,0.0396184027
2903,0.0368741006
2904,0.066550456
2905,0.7700819969
2906,0.9098654389
2907,0.9434396029
2908,0.0515731722
2909,0.0627340078
2910,0.601810813
2911,0.8115276098
2912,0.062135458
2913,0.8570509553
2914,0.9587309361
2915,0.4368169904
2916,0.9723634124
2917,0.1721688211
2918,0.2581721842
2919,0.9577206969
2920,0.0492681712
2921,0.0376671031
2922,0.0416846797
2923,0.7980876565
2924,0.2006405592
2925,0.062633656
2926,0.921574831
2927,0.1443645358
2928,0.0510466583
2929,0.9050639272
2930,0.9691631198
2931,0.6116762161
2932,0.8980193734
2933,0.0595657937
2934,0.9485151172
2935,0.0521662645
2936,0.0606384054
2937,0.0493497252
2938,0.1411762536
2939,0.9594166279
2940,0.0466512926
2941,0.2682452798
2942,0.111590907
2943,0.1245087758
2944,0.3505352438
2945,0.9202412963
2946,0.2557887733
2947,0.8825049996
2948,0.9351893067
2949,0.8321329951
2950,0.0765893906
2951,0.095679231
2952,0.1797244847
2953,0.0607459433
2954,0.0694854558
2955,0.083897002
2956,0.0512639508
2957,0.9169785976
2958,0.6389659047
2959,0.8437860608
2960,0.943403244
2961,0.1667336971
2962,0.8652122021
2963,0.8669912815
2964,0.1199888885
2965,0.9619461298
2966,0.2647522986
2967,0.7734035254
2968,0.9144507647
2969,0.0523096845
2970,0.0471712761
2971,0.0431487523
2972,0.8532809615
2973,0.047945369
2974,0.5941377282
2975,0.0408209413
2976,0.2250141352
2977,0.0603492148
2978,0.0452931188
2979,0.034750104
2980,0.9389284253
2981,0.0427961573
2982,0.0488908477
2983,0.7487578988
2984,0.2874499559
2985,0.1719320714
2986,0.9489423037
2987,0.0423994511
2988,0.0455229171
2989,0.0803777277
2990,0.8928391337
2991,0.0709554181
2992,0.0617566146
2993,0.0662067607
2994,0.963383317
2995,0.0453724228
2996,0.081156224
2997,0.0393405184
2998,0.0508661792
2999,0.1827789694
3000,0.0547536574
3001,0.058106456
3002,0.0827080309
3003,0.7838953733
3004,0.04456231
3005,0.6471039057
3006,0.6142247915
3007,0.1827789694
3008,0.0422476381
3009,0.100932613
3010,0.1211674437
3011,0.0386168882
3012,0.5974880457
3013,0.0570589043
3014,0.3880258501
3015,0.0636359081
3016,0.0649696141
3017,0.6207492948
3018,0.8509520292
3019,0.0884343311
3020,0.2921293676
3021,0.9394889474
3022,0.0907572806
3023,0.0693506449
3024,0.0800336972
3025,0.0392086953
3026,0.1021285355
3027,0.0620593913
3028,0.0883379355
3029,0.0680685788
3030,0.0444139838
3031,0.8682889342
3032,0.1107916012
3033,0.1916757822
3034,0.9263181686
3035,0.8899112344
3036,0.945137918
3037,0.8855923414
3038,0.9320006371
3039,0.0527553484
3040,0.0368571021
3041,0.8999682069
3042,0.6793827415
3043,0.0614798106
3044,0.2157112062
3045,0.0572679155
3046,0.9257838726
3047,0.2602654099
3048,0.0920236185
3049,0.4295613468
3050,0.886560142
3051,0.9137750864
3052,0.042115286
3053,0.0690017641
3054,0.0389151238
3055,0.5858082771
3056,0.0632977635
3057,0.0789404809
3058,0.0605978146
3059,0.941388607
3060,0.8487799764
3061,0.9092517495
3062,0.0513775833
3063,0.4107284546
3064,0.8620111346
3065,0.8952174187
3066,0.4575175047
3067,0.1693350226
3068,0.8226306438
3069,0.0447618775
3070,0.4388863444
3071,0.9354551435
3072,0.159276247
3073,0.9395589232
3074,0.0537056848
3075,0.1668142676
3076,0.1256552786
3077,0.0820151046
3078,0.9582166672
3079,0.0435658172
3080,0.9509727955
3081,0.2325344235
3082,0.9162024856
3083,0.6335182786
3084,0.9097336531
3085,0.9380141497
3086,0.7612491846
3087,0.8242443204
3088,0.312880069
3089,0.0374297686
3090,0.0540351421
3091,0.9005194902
3092,0.8842431903
3093,0.9367018342
3094,0.0541215427
3095,0.0661164075
3096,0.0372460634
3097,0.2811562717
3098,0.0730106682
3099,0.8411451578
3100,0.0534370616
3101,0.9090858102
3102,0.8187177181
3103,0.1409171224
3104,0.0325613432
3105,0.8058057427
3106,0.9388685822
3107,0.8686907291
3108,0.9606188536
3109,0.6362736821
3110,0.9464128613
3111,0.9459548593
3112,0.2685536742
3113,0.8442444801
3114,0.9414122701
3115,0.6608322263
3116,0.9238911867
3117,0.042074129
3118,0.6376001239
3119,0.483961165
3120,0.0534316711
3121,0.0427848995
3122,0.0475430042
3123,0.8401560783
3124,0.884164989
3125,0.9398111701
3126,0.0800085291
3127,0.0604128167
3128,0.1626741439
3129,0.0730331615
3130,0.8499961495
3131,0.8385939002
3132,0.6410833001
3133,0.0487876721
3134,0.035643246
3135,0.284982264
3136,0.4963034093
3137,0.2099205107
3138,0.0808022395
3139,0.0612276942
3140,0.401919961
3141,0.2794840634
3142,0.2725371718
3143,0.9665346742
3144,0.9605309367
3145,0.0348485075
3146,0.0586092696
3147,0.0355481766
3148,0.05467977
3149,0.9078193903
3150,0.1421078891
3151,0.5671661496
3152,0.070402056
3153,0.0539474897
3154,0.8184551001
3155,0.0471351743
3156,0.1132767275
3157,0.0516413301
3158,0.0422683135
3159,0.2382165939
3160,0.1263741553
3161,0.6165943146
3162,0.0521320179
3163,0.0415545851
3164,0.1861869097
3165,0.7443062067
3166,0.1370507777
3167,0.1148935631
3168,0.2212334722
3169,0.0440534465
3170,0.0557628274
3171,0.2474933267
3172,0.9514555931
3173,0.0505595878
3174,0.0695139766
3175,0.1043462977
3176,0.84174788
3177,0.0592955314
3178,0.3996392488
3179,0.0494938903
3180,0.9574497938
3181,0.092319034
3182,0.168354705
3183,0.0407959409
3184,0.0881876647
3185,0.0498966612
3186,0.0492792726
3187,0.6974577904
3188,0.0600494593
3189,0.0690342709
3190,0.6955512166
3191,0.0687993839
3192,0.8366425037
3193,0.0577209406
3194,0.7774829865
3195,0.939899981
3196,0.3109774292
3197,0.3443020284
3198,0.0520146154
3199,0.0640455931
3200,0.0875388905
3201,0.0560725518
3202,0.5325111151
3203,0.9105659723
3204,0.529281497
3205,0.1029683053
3206,0.8758875728
3207,0.8411664367
3208,0.0896838829
3209,0.7745105624
3210,0.9244756103
3211,0.6381349564
3212,0.0414319783
3213,0.7776038051
3214,0.3446221054
3215,0.3010568917
3216,0.0608927123
3217,0.2498886585
3218,0.8881857991
3219,0.9471157193
3220,0.9435600042
3221,0.0619811974
3222,0.2039841563
3223,0.0915553123
3224,0.8901943564
3225,0.6484990716
3226,0.8836473227
3227,0.0516470559
3228,0.8682204485
3229,0.1125257462
3230,0.1429819912
3231,0.9640449286
3232,0.9523243308
3233,0.0438013673
3234,0.0418459177
3235,0.0508315451
3236,0.3923355043
3237,0.1205004305
3238,0.0795685872
3239,0.7984945178
3240,0.9024378061
3241,0.0444444492
3242,0.8296431899
3243,0.8813668489
3244,0.0569936968
3245,0.7867207527
3246,0.0409804322
3247,0.1712817997
3248,0.765162468
3249,0.4376957417
3250,0.0332794003
3251,0.950206697
3252,0.0565140024
3253,0.0381261706
3254,0.9292076826
3255,0.9516819119
3256,0.0443680882
3257,0.046366293
3258,0.2473340184
3259,0.945330739
3260,0.9088047147
3261,0.0853934288
3262,0.0785750374
3263,0.8619496822
3264,0.9453754425
3265,0.2589654624
3266,0.8825119138
3267,0.1365213096
3268,0.9250023365
3269,0.8636547923
3270,0.2865893841
3271,0.0824632496
3272,0.1064907536
3273,0.0406907201
3274,0.2431398779
3275,0.098184064
3276,0.9221693277
3277,0.0479029752
3278,0.0622484013
3279,0.0720544085
3280,0.0456196293
3281,0.9141553044
3282,0.6823431253
3283,0.8807976842
3284,0.0354485512
3285,0.922170341
3286,0.7722866535
3287,0.7399260402
3288,0.0528133512
3289,0.0379551798
3290,0.9672831893
3291,0.8990359306
3292,0.1474415958
3293,0.062839523
3294,0.4730477333
3295,0.1274139285
3296,0.9191343784
3297,0.0344429649
3298,0.8980432153
3299,0.1578549445
3300,0.3216008842
3301,0.9022514224
3302,0.8176048994
3303,0.8349137306
3304,0.1196238026
3305,0.941509366
3306,0.9559009671
3307,0.7446171641
3308,0.9721949697
3309,0.9271690249
3310,0.1876462102
3311,0.1346950531
3312,0.0494460985
3313,0.0688143969
3314,0.1466978788
3315,0.8543269634
3316,0.742040813
3317,0.198209554
3318,0.048172649
3319,0.0498736762
3320,0.0382424369
3321,0.9467349648
3322,0.0553483851
3323,0.0347543731
3324,0.0730369091
3325,0.0385673605
3326,0.9505417943
3327,0.9256972671
3328,0.1983627975
3329,0.1827789694
3330,0.055559434
3331,0.9199530482
3332,0.063385956
3333,0.0573139377
3334,0.8925567269
3335,0.1295042485
3336,0.9583406448
3337,0.7888066173
3338,0.8871715665
3339,0.0738544017
3340,0.8702117801
3341,0.8725081682
3342,0.5058561563
3343,0.9648857117
3344,0.0544024333
3345,0.087510474
3346,0.8817340136
3347,0.8028572202
3348,0.9195147157
3349,0.793117702
3350,0.9548923969
3351,0.0864862353
3352,0.104255937
3353,0.0408930629
3354,0.8872148991
3355,0.1832043082
3356,0.0380753465
3357,0.0538173392
3358,0.1030768305
3359,0.0560842268
3360,0.7796199322
3361,0.0506379306
3362,0.2156701088
3363,0.0484486856
3364,0.0457282253
3365,0.9591106176
3366,0.1953912228
3367,0.6825011373
3368,0.9447815418
3369,0.9521008134
3370,0.8542898893
3371,0.7872136235
3372,0.0657752231
3373,0.7788125277
3374,0.8767149448
3375,0.6933336258
3376,0.0806894749
3377,0.2245134413
3378,0.0325240232
3379,0.5316846371
3380,0.0622428618
3381,0.941647768
3382,0.2827950418
3383,0.7047309875
3384,0.8811615705
3385,0.8754544258
3386,0.0417279899
3387,0.085052222
3388,0.8666597009
3389,0.8446734548
3390,0.0570928268
3391,0.8695552945
3392,0.5415519476
3393,0.7362792492
3394,0.8990162015
3395,0.9365782738
3396,0.0409953147
3397,0.9329753518
3398,0.1925662309
3399,0.8748588562
3400,0.9020094872
3401,0.9231294394
3402,0.8843657374
3403,0.8197920918
3404,0.353643626
3405,0.9332605004
3406,0.1620569229
3407,0.5202049613
3408,0.9355864525
3409,0.0506144576
3410,0.0770331547
3411,0.9126037955
3412,0.9452940822
3413,0.8223850131
3414,0.0681186244
3415,0.8183663487
3416,0.7770118713
3417,0.6113169193
3418,0.6208804846
3419,0.0644186139
3420,0.9353377223
3421,0.0652871877
3422,0.0711043701
3423,0.9290676117
3424,0.0494621247
3425,0.0777121633
3426,0.5620741844
3427,0.0366740152
3428,0.061537154
3429,0.0632016882
3430,0.0516425595
3431,0.5576869249
3432,0.2022177875
3433,0.1827789694
3434,0.0509320386
3435,0.9666823149
3436,0.1637783647
3437,0.060742218
3438,0.0702148601
3439,0.0566445626
3440,0.4572790563
3441,0.0448728502
3442,0.0950099379
3443,0.0546752326
3444,0.0660580993
3445,0.060650751
3446,0.3442138433
3447,0.042315565
3448,0.0423621386
3449,0.1827789694
3450,0.9421585798
3451,0.951266408
3452,0.2536298931
3453,0.9342249632
3454,0.0570908375
3455,0.9620501399
3456,0.0843908265
3457,0.961695075
3458,0.9027215838
3459,0.499289602
3460,0.0656856224
3461,0.9403912425
3462,0.1827789694
3463,0.3087916076
3464,0.2764260769
3465,0.2387842536
3466,0.9635270834
3467,0.0461219624
3468,0.9527266026
3469,0.7802391052
3470,0.1255509406
3471,0.0761043057
3472,0.0771800131
3473,0.0718361661
3474,0.0450241528
3475,0.0545290597
3476,0.9385220408
3477,0.9468111992
3478,0.0529250242
3479,0.9524331689
3480,0.9564176798
3481,0.0498617031
3482,0.952421844
3483,0.0731641352
3484,0.0634930506
3485,0.1873063892
3486,0.1127481759
3487,0.2236385643
3488,0.5147525668
3489,0.7254341245
3490,0.0462987646
3491,0.048672732
3492,0.1158048436
3493,0.8766247034
3494,0.0431358479
3495,0.9579250813
3496,0.8662070036
3497,0.5467506051
3498,0.0426716097
3499,0.0542041548
3500,0.0667243227
3501,0.9141915441
3502,0.0447213091
3503,0.9152116179
3504,0.6692535877
3505,0.3433059156
3506,0.9328703284
3507,0.1542380005
3508,0.0473860353
3509,0.8609037399
3510,0.8947396278
3511,0.1446820647
3512,0.0383595973
3513,0.1833877712
3514,0.0382701121
3515,0.0758149698
3516,0.8261039257
3517,0.7815437317
3518,0.3688550293
3519,0.1296182126
3520,0.1634714901
3521,0.4603950977
3522,0.0535860844
3523,0.2364304364
3524,0.0672240108
3525,0.8557969332
3526,0.8115569949
3527,0.1050469354
3528,0.6519379616
3529,0.1431631446
3530,0.2989379168
3531,0.0747316405
3532,0.0578288063
3533,0.0796982497
3534,0.050936278
3535,0.8205519319
3536,0.0431575216
3537,0.0468092896
3538,0.1336943507
3539,0.9016022086
3540,0.0732952207
3541,0.0659254342
3542,0.0412382744
3543,0.0415372699
3544,0.0458215438
3545,0.0702862069
3546,0.569091022
3547,0.0580261052
3548,0.0379307084
3549,0.8220410347
3550,0.8496635556
3551,0.1148690656
3552,0.3924752474
3553,0.0549759753
3554,0.0361152515
3555,0.2480939031
3556,0.9352865219
3557,0.0926462188
3558,0.8820311427
3559,0.3278191388
3560,0.9352869987
3561,0.9521986842
3562,0.1641494781
3563,0.6514453888
3564,0.8080868721
3565,0.9541265368
3566,0.9065482616
3567,0.9475305676
3568,0.0560117215
3569,0.8590224385
3570,0.3184747696
3571,0.0512147397
3572,0.705917716
3573,0.7398754358
3574,0.8470687866
3575,0.5775679946
3576,0.0388095751
3577,0.0500954427
3578,0.9267069697
3579,0.7346506119
3580,0.9136471748
3581,0.953963697
3582,0.9285647869
3583,0.7404726744
3584,0.0419942625
3585,0.0498384386
3586,0.9595892429
3587,0.7770225406
3588,0.9069801569
3589,0.3208033443
3590,0.8392379284
3591,0.2257869095
3592,0.0995844901
3593,0.1305093467
3594,0.8023685813
3595,0.5951874256
3596,0.9410591722
3597,0.462477982
3598,0.0571702942
3599,0.0670230091
3600,0.1884457022
3601,0.9523604512
3602,0.0468992479
3603,0.9153410196
3604,0.263877511
3605,0.4298253655
3606,0.1867797375
3607,0.3436558545
3608,0.1002842858
3609,0.1190716922
3610,0.0540982336
3611,0.5509518385
3612,0.6342153549
3613,0.927075386
3614,0.7408596873
3615,0.0477616712
3616,0.0472723246
3617,0.8936575055
3618,0.3364062309
3619,0.4203646183
3620,0.0551030487
3621,0.0367360562
3622,0.6923243999
3623,0.0526424311
3624,0.0526050255
3625,0.1698291451
3626,0.0428021848
3627,0.0458682589
3628,0.9557881355
3629,0.045834545
3630,0.9436922073
3631,0.3173477948
3632,0.8448972702
3633,0.4988761842
3634,0.1407749951
3635,0.9375423193
3636,0.0788971856
3637,0.8767196536
3638,0.101476267
3639,0.093650721
3640,0.9618092775
3641,0.8944634795
3642,0.9237340093
3643,0.0541388988
3644,0.8468353748
3645,0.2097851038
3646,0.0529889762
3647,0.0695183054
3648,0.1238095462
3649,0.0461807698
3650,0.9241845012
3651,0.0988107994
3652,0.8582258224
3653,0.5789687037
3654,0.0721929967
3655,0.0583679825
3656,0.9296941161
3657,0.3296436965
3658,0.0642252415
3659,0.2325308919
3660,0.0471174009
3661,0.1872887015
3662,0.9401559234
3663,0.3022254407
3664,0.8285711408
3665,0.0518351905
3666,0.9572355151
3667,0.1755757183
3668,0.0967310816
3669,0.1009436473
3670,0.7716709971
3671,0.5454174876
3672,0.2844058573
3673,0.9404181242
3674,0.1906865239
3675,0.1827789694
3676,0.0587416664
3677,0.9364722967
3678,0.5544510484
3679,0.0587884523
3680,0.3337235153
3681,0.1162448823
3682,0.8789302111
3683,0.3172511756
3684,0.0688995793
3685,0.1545858681
3686,0.0645659864
3687,0.5314922333
3688,0.2801565826
3689,0.0534842089
3690,0.9242907763
3691,0.530731082
3692,0.6560876966
3693,0.0587250181
3694,0.0434476919
3695,0.1104282886
3696,0.1827789694
3697,0.7307531238
3698,0.0558011532
3699,0.1795369983
3700,0.3928804398
3701,0.0414377488
3702,0.1827789694
3703,0.9136902094
3704,0.3371877968
3705,0.1692898422
3706,0.1483317167
3707,0.1882647574
3708,0.0549409539
3709,0.1827789694
3710,0.1838955879
3711,0.9577103257
3712,0.588514924
3713,0.0698259994
3714,0.1845162362
3715,0.1043838933
3716,0.0654938743
3717,0.8390014768
3718,0.0575592145
3719,0.0364628062
3720,0.787643373
3721,0.1826282591
3722,0.1813997179
3723,0.1329462826
3724,0.8740282059
3725,0.0410004519
3726,0.9307752252
3727,0.0523505211
3728,0.8718031049
3729,0.8970999718
3730,0.0444677547
3731,0.0415687785
3732,0.0400795043
3733,0.0447384641
3734,0.9269134402
3735,0.0760982707
3736,0.3415616155
3737,0.9284310937
3738,0.1122551039
3739,0.8996719122
3740,0.0574706867
3741,0.0727209374
3742,0.0649336725
3743,0.0412618481
3744,0.8642379045
3745,0.9206091166
3746,0.0520146154
3747,0.03817169
3748,0.0515258797
3749,0.0937663615
3750,0.0507882163
3751,0.1048157588
3752,0.8325280547
3753,0.1827789694
3754,0.0445856415
3755,0.9377478957
3756,0.8085163236
3757,0.062148381
3758,0.0704461038
3759,0.709384203
3760,0.2255061418
3761,0.9435235262
3762,0.5228402019
3763,0.8888364434
3764,0.0511553138
3765,0.9445297718
3766,0.9250997305
3767,0.0832322314
3768,0.9203249216
3769,0.0539946109
3770,0.3419734836
3771,0.1827789694
3772,0.0823075399
3773,0.2004059404
3774,0.3178427517
3775,0.8854370713
3776,0.8531417251
3777,0.2456285059
3778,0.8382247686
3779,0.9017333984
3780,0.606539011
3781,0.0318951905
3782,0.0556601547
3783,0.0824794844
3784,0.0428047255
3785,0.0423745736
3786,0.7121018767
3787,0.0369024053
3788,0.8640319705
3789,0.0730376169
3790,0.0567993894
3791,0.2664526105
3792,0.1748910397
3793,0.2774935961
3794,0.0408163406
3795,0.054401502
3796,0.176794365
3797,0.962705195
3798,0.1850697249
3799,0.0828890055
3800,0.5193341374
3801,0.2694277465
3802,0.80039078
3803,0.8355458975
3804,0.5764268041
3805,0.9217762351
3806,0.0339873061
3807,0.0980564654
3808,0.0809265673
3809,0.0959956273
3810,0.035064403
3811,0.0636959076
3812,0.0405199043
3813,0.6839417219
3814,0.1321623176
3815,0.0622961074
3816,0.2010777295
3817,0.5355502963
3818,0.0619831644
3819,0.0450261906
3820,0.3869790733
3821,0.8948953748
3822,0.0846174732
3823,0.9679909945
3824,0.8890504837
3825,0.0542913452
3826,0.9269508123
3827,0.3117724657
3828,0.0730032101
3829,0.0914831907
3830,0.0322105885
3831,0.9336095452
3832,0.0573081933
3833,0.0387912765
3834,0.9410119057
3835,0.0397988409
3836,0.0524643622
3837,0.3090949953
3838,0.7915857434
3839,0.0900040269
3840,0.6300926209
3841,0.1674064398
3842,0.1171764508
3843,0.0792117193
3844,0.9628711343
3845,0.4727537036
3846,0.0943045095
3847,0.0924535021
3848,0.1657910049
3849,0.8582563996
3850,0.2151200324
3851,0.8795059323
3852,0.2798961103
3853,0.0551100634
3854,0.1350491196
3855,0.0557649136
3856,0.1320103407
3857,0.1706296057
3858,0.0963272005
3859,0.579236269
3860,0.9193218946
3861,0.9179077744
3862,0.8234480023
3863,0.1532097906
3864,0.7114087343
3865,0.8302794695
3866,0.0514635779
3867,0.7720213532
3868,0.1252120584
3869,0.9073249698
3870,0.0906438828
3871,0.4088807106
